Id,Sentiment Labels for ChatGPT Answers,Sentiment Labels for SO Answers
80,Neutral,Neutral
90,Neutral,Neutral
120,Neutral,Neutral
180,Neutral,Neutral
260,Neutral,Neutral
330,Neutral,Neutral
470,Neutral,Positive
580,Neutral,Neutral
650,Neutral,Neutral
810,Positive,Neutral
930,Neutral,Neutral
1010,Neutral,Neutral
1040,Neutral,Neutral
1070,Neutral,Neutral
1160,Neutral,Neutral
1180,Neutral,Neutral
1300,Neutral,Neutral
1390,Neutral,Neutral
1600,Neutral,Neutral
1610,Neutral,Neutral
1760,Neutral,Neutral
1790,Neutral,Neutral
1970,Neutral,Positive
2120,Neutral,Neutral
2250,Neutral,Neutral
2300,Neutral,Neutral
2530,Neutral,Neutral
2540,Neutral,Positive
2550,Neutral,Neutral
2630,Neutral,Positive
2750,Neutral,Neutral
2770,Neutral,Positive
2780,Neutral,Neutral
2840,Positive,Neutral
2900,Neutral,Neutral
2970,Neutral,Negative
3150,Neutral,Neutral
3180,Neutral,Neutral
3230,Neutral,Neutral
3260,Neutral,Neutral
3400,Neutral,Neutral
3470,Neutral,Positive
3510,Neutral,Neutral
3530,Neutral,Neutral
3790,Neutral,Neutral
4080,Neutral,Neutral
4110,Neutral,Positive
4170,Neutral,Neutral
4230,Neutral,Neutral
4320,Neutral,Neutral
4430,Neutral,Neutral
4610,Neutral,Neutral
4630,Neutral,Neutral
4670,Neutral,Positive
4850,Neutral,Neutral
4860,Neutral,Neutral
4870,Neutral,Neutral
4880,Neutral,Neutral
4930,Neutral,Neutral
5170,Neutral,Positive
5260,Neutral,Neutral
5460,Neutral,Neutral
5600,Neutral,Neutral
5690,Neutral,Neutral
5880,Neutral,Neutral
6080,Neutral,Neutral
6110,Neutral,Neutral
6130,Neutral,Neutral
6210,Positive,Neutral
6340,Neutral,Neutral
6430,Neutral,Neutral
6440,Neutral,Neutral
6530,Neutral,Neutral
6890,Neutral,Neutral
7180,Neutral,Neutral
7190,Neutral,Neutral
7260,Neutral,Neutral
7440,Neutral,Positive
7470,Negative,Neutral
7540,Neutral,Neutral
7720,Neutral,Neutral
7880,Neutral,Neutral
7940,Neutral,Neutral
7990,Neutral,Neutral
8050,Neutral,Positive
8140,Neutral,Neutral
8790,Neutral,Neutral
8800,Neutral,Neutral
8830,Neutral,Neutral
8880,Neutral,Neutral
8940,Neutral,Neutral
8950,Neutral,Neutral
8970,Neutral,Neutral
9240,Neutral,Neutral
9410,Neutral,Neutral
9570,Neutral,Neutral
9650,Neutral,Neutral
9750,Neutral,Positive
10190,Neutral,Neutral
10230,Neutral,Neutral
10260,Neutral,Positive
10300,Neutral,Neutral
10580,Neutral,Neutral
10600,Neutral,Positive
10610,Neutral,Neutral
10670,Neutral,Neutral
10680,Neutral,Neutral
10810,Neutral,Neutral
10860,Neutral,Neutral
10870,Neutral,Neutral
10880,Neutral,Neutral
10980,Neutral,Neutral
10990,Neutral,Neutral
11060,Neutral,Neutral
11200,Neutral,Neutral
11330,Neutral,Neutral
11430,Neutral,Neutral
11460,Neutral,Neutral
11500,Neutral,Positive
11520,Neutral,Neutral
11620,Neutral,Neutral
11680,Neutral,Positive
11690,Neutral,Neutral
11720,Neutral,Neutral
11740,Neutral,Neutral
11820,Neutral,Neutral
11930,Neutral,Neutral
11950,Neutral,Positive
12140,Neutral,Neutral
12290,Negative,Neutral
12330,Neutral,Positive
12720,Neutral,Neutral
12870,Neutral,Neutral
12880,Neutral,Neutral
12890,Neutral,Neutral
13000,Neutral,Neutral
13060,Neutral,Neutral
13160,Neutral,Neutral
13170,Neutral,Neutral
13200,Neutral,Neutral
13430,Neutral,Positive
13460,Neutral,Neutral
13470,Neutral,Neutral
13540,Neutral,Neutral
13550,Neutral,Neutral
13620,Neutral,Neutral
14040,Neutral,Neutral
14300,Neutral,Neutral
14310,Neutral,Neutral
14330,Neutral,Neutral
14350,Neutral,Neutral
14370,Neutral,Neutral
14410,Neutral,Neutral
14530,Neutral,Positive
14570,Neutral,Neutral
14760,Neutral,Neutral
14770,Neutral,Neutral
15040,Neutral,Neutral
15190,Neutral,Negative
15240,Neutral,Neutral
15310,Neutral,Positive
15390,Neutral,Neutral
15470,Neutral,Neutral
15690,Neutral,Neutral
15700,Neutral,Neutral
15880,Neutral,Neutral
15900,Neutral,Neutral
16100,Neutral,Negative
16110,Neutral,Neutral
16140,Neutral,Neutral
16320,Neutral,Neutral
16330,Neutral,Neutral
16340,Neutral,Neutral
16460,Neutral,Neutral
16550,Neutral,Positive
16610,Neutral,Neutral
16660,Neutral,Neutral
16770,Neutral,Neutral
16860,Neutral,Neutral
16940,Neutral,Neutral
16970,Neutral,Neutral
17020,Neutral,Neutral
17140,Neutral,Neutral
17170,Neutral,Neutral
17250,Neutral,Neutral
17320,Neutral,Neutral
17370,Neutral,Neutral
17430,Neutral,Positive
17500,Neutral,Neutral
17670,Neutral,Neutral
17770,Neutral,Positive
17840,Neutral,Neutral
17870,Neutral,Neutral
17880,Neutral,Neutral
17960,Neutral,Neutral
17980,Neutral,Neutral
18010,Neutral,Neutral
18080,Neutral,Neutral
18250,Neutral,Neutral
18290,Neutral,Positive
18450,Neutral,Neutral
18460,Neutral,Neutral
18700,Neutral,Positive
18920,Neutral,Neutral
19030,Neutral,Neutral
19280,Neutral,Neutral
19790,Neutral,Neutral
19970,Neutral,Neutral
20040,Neutral,Negative
20420,Neutral,Neutral
20450,Neutral,Neutral
20510,Neutral,Neutral
20840,Neutral,Neutral
20850,Neutral,Neutral
20880,Neutral,Neutral
20910,Neutral,Neutral
21060,Neutral,Neutral
21280,Neutral,Neutral
21460,Neutral,Neutral
21560,Neutral,Neutral
21640,Neutral,Neutral
21830,Neutral,Neutral
21870,Neutral,Positive
22000,Neutral,Neutral
22140,Neutral,Neutral
22340,Positive,Positive
22500,Neutral,Neutral
22570,Neutral,Neutral
22590,Neutral,Neutral
22720,Neutral,Neutral
22880,Neutral,Neutral
22980,Neutral,Neutral
23190,Neutral,Positive
23250,Neutral,Neutral
23270,Neutral,Neutral
23310,Positive,Neutral
23370,Positive,Neutral
23490,Neutral,Neutral
23610,Neutral,Neutral
23620,Neutral,Neutral
23640,Neutral,Neutral
23770,Neutral,Neutral
23930,Neutral,Neutral
23950,Neutral,Neutral
23970,Neutral,Neutral
24040,Neutral,Positive
24130,Neutral,Neutral
24200,Neutral,Neutral
24270,Neutral,Neutral
24310,Neutral,Neutral
24450,Positive,Neutral
24470,Neutral,Neutral
24580,Neutral,Neutral
24610,Neutral,Positive
24620,Neutral,Negative
24680,Neutral,Neutral
24730,Neutral,Neutral
25200,Neutral,Neutral
25240,Neutral,Positive
25450,Neutral,Neutral
25460,Neutral,Neutral
25530,Neutral,Positive
25550,Neutral,Neutral
25730,Neutral,Neutral
25950,Neutral,Neutral
26020,Neutral,Neutral
26230,Neutral,Neutral
26260,Neutral,Neutral
26450,Neutral,Neutral
26570,Neutral,Neutral
26620,Neutral,Neutral
26670,Neutral,Positive
26760,Neutral,Neutral
26800,Neutral,Positive
26860,Neutral,Neutral
27020,Neutral,Neutral
27030,Neutral,Positive
27220,Neutral,Neutral
27240,Neutral,Neutral
27570,Neutral,Neutral
27610,Neutral,Neutral
27640,Neutral,Positive
27670,Neutral,Neutral
27700,Neutral,Neutral
27850,Positive,Neutral
27910,Neutral,Neutral
28080,Neutral,Neutral
28110,Neutral,Neutral
28150,Neutral,Neutral
28160,Neutral,Neutral
28280,Neutral,Neutral
28380,Neutral,Neutral
28530,Neutral,Neutral
28560,Neutral,Neutral
28590,Neutral,Neutral
28820,Neutral,Negative
28840,Neutral,Positive
28950,Neutral,Negative
29030,Neutral,Neutral
29040,Neutral,Neutral
29100,Neutral,Positive
29370,Positive,Neutral
29460,Positive,Neutral
29580,Positive,Neutral
29630,Positive,Neutral
29680,Positive,Neutral
29700,Positive,Neutral
29760,Positive,Neutral
29810,Positive,Neutral
29820,Positive,Neutral
29870,Positive,Negative
29890,Positive,Neutral
29980,Positive,Neutral
30080,Positive,Neutral
30160,Positive,Positive
30170,Positive,Neutral
30230,Positive,Neutral
30310,Positive,Neutral
30430,Positive,Neutral
30540,Positive,Neutral
30660,Positive,Neutral
30710,Positive,Neutral
30770,Positive,Neutral
30790,Positive,Neutral
30800,Positive,Neutral
30940,Positive,Positive
31090,Positive,Neutral
31140,Positive,Neutral
31200,Positive,Neutral
31250,Positive,Neutral
31320,Positive,Neutral
31340,Positive,Positive
31380,Positive,Neutral
31410,Positive,Neutral
31480,Positive,Neutral
31500,Positive,Neutral
31790,Positive,Neutral
31800,Positive,Neutral
31840,Positive,Neutral
31870,Positive,Neutral
31930,Positive,Neutral
32000,Positive,Neutral
32010,Positive,Positive
32020,Positive,Positive
32100,Positive,Neutral
32260,Positive,Neutral
32280,Positive,Neutral
32360,Positive,Neutral
32460,Positive,Neutral
32540,Positive,Neutral
32550,Positive,Neutral
32570,Positive,Neutral
32640,Positive,Neutral
32750,Positive,Neutral
32780,Positive,Neutral
32790,Positive,Neutral
32930,Positive,Positive
33080,Positive,Neutral
33150,Positive,Neutral
33250,Positive,Neutral
33390,Positive,Neutral
33510,Positive,Neutral
33550,Positive,Neutral
33590,Positive,Neutral
33630,Positive,Neutral
33720,Positive,Neutral
33790,Positive,Neutral
33860,Positive,Neutral
33960,Positive,Neutral
33990,Positive,Positive
34020,Positive,Neutral
34120,Positive,Neutral
34270,Positive,Neutral
34300,Positive,Negative
34390,Positive,Neutral
34490,Positive,Neutral
34510,Positive,Neutral
34570,Positive,Positive
34600,Positive,Neutral
34790,Positive,Neutral
34920,Positive,Neutral
35050,Positive,Neutral
35070,Positive,Neutral
35120,Positive,Positive
35170,Positive,Neutral
35240,Positive,Neutral
35320,Positive,Neutral
35380,Positive,Neutral
35420,Positive,Neutral
35470,Positive,Neutral
35480,Positive,Neutral
35490,Positive,Neutral
35530,Positive,Neutral
35560,Positive,Neutral
35670,Positive,Neutral
35700,Positive,Neutral
35720,Positive,Positive
35870,Positive,Neutral
35940,Positive,Positive
35950,Positive,Neutral
36030,Positive,Neutral
36260,Positive,Negative
36350,Positive,Neutral
36430,Positive,Positive
36600,Positive,Positive
36760,Positive,Neutral
36820,Positive,Neutral
36890,Positive,Neutral
37030,Positive,Neutral
37070,Positive,Neutral
37310,Positive,Neutral
37590,Positive,Neutral
37640,Positive,Neutral
37650,Positive,Neutral
37830,Positive,Neutral
37920,Positive,Neutral
38010,Positive,Neutral
38070,Positive,Neutral
38090,Positive,Neutral
38160,Positive,Neutral
38190,Positive,Positive
38210,Positive,Neutral
38280,Positive,Neutral
38370,Positive,Neutral
38510,Positive,Neutral
38670,Positive,Neutral
38680,Positive,Neutral
38820,Positive,Neutral
38870,Positive,Neutral
38890,Positive,Neutral
38920,Positive,Neutral
38940,Positive,Neutral
38960,Positive,Neutral
39070,Positive,Neutral
39240,Positive,Neutral
39770,Positive,Neutral
39780,Positive,Neutral
39910,Positive,Negative
39960,Positive,Neutral
40090,Positive,Neutral
40230,Positive,Neutral
40480,Positive,Neutral
40590,Positive,Neutral
40680,Positive,Positive
40730,Positive,Neutral
40840,Positive,Neutral
41010,Positive,Neutral
41050,Positive,Neutral
41220,Positive,Neutral
41290,Positive,Neutral
41300,Positive,Positive
41320,Positive,Neutral
41330,Positive,Neutral
41400,Positive,Neutral
41460,Positive,Neutral
41580,Positive,Negative
41590,Positive,Neutral
41630,Positive,Neutral
41640,Positive,Neutral
41970,Positive,Neutral
42070,Positive,Neutral
42150,Positive,Neutral
42200,Positive,Neutral
42460,Positive,Positive
42490,Positive,Neutral
42550,Positive,Neutral
42610,Positive,Neutral
42620,Positive,Negative
42690,Positive,Neutral
42710,Positive,Neutral
42740,Positive,Neutral
42770,Positive,Neutral
42830,Positive,Negative
42950,Positive,Neutral
42980,Positive,Neutral
42990,Positive,Neutral
43180,Positive,Neutral
43290,Positive,Neutral
43320,Positive,Neutral
43400,Positive,Positive
43490,Positive,Neutral
43500,Positive,Neutral
43580,Positive,Neutral
43870,Positive,Neutral
43890,Positive,Neutral
43920,Positive,Neutral
43940,Positive,Neutral
43960,Positive,Neutral
43970,Positive,Neutral
44080,Positive,Neutral
44100,Positive,Neutral
44190,Positive,Neutral
44220,Positive,Neutral
44260,Positive,Neutral
44270,Positive,Neutral
44350,Positive,Neutral
44470,Positive,Neutral
44630,Positive,Neutral
44660,Positive,Neutral
44760,Positive,Neutral
44780,Positive,Neutral
44940,Positive,Neutral
44980,Positive,Neutral
45030,Positive,Neutral
45180,Positive,Neutral
45230,Positive,Neutral
45340,Positive,Neutral
45400,Positive,Positive
45470,Positive,Neutral
45500,Positive,Neutral
45510,Positive,Neutral
45540,Positive,Neutral
45600,Positive,Neutral
45650,Positive,Neutral
45950,Positive,Neutral
46030,Positive,Neutral
46080,Positive,Neutral
46130,Positive,Neutral
46160,Positive,Positive
46220,Positive,Neutral
46280,Positive,Neutral
46350,Positive,Neutral
46380,Positive,Neutral
46860,Positive,Neutral
46930,Positive,Neutral
47210,Positive,Neutral
47340,Positive,Neutral
47400,Positive,Neutral
47420,Positive,Neutral
47780,Positive,Neutral
47960,Positive,Neutral
47980,Positive,Neutral
48070,Positive,Neutral
48110,Positive,Neutral
48240,Positive,Neutral
48250,Positive,Neutral
48320,Positive,Neutral
48340,Positive,Neutral
48390,Positive,Neutral
48470,Positive,Neutral
48550,Positive,Neutral
48570,Positive,Neutral
48680,Positive,Neutral
49080,Positive,Neutral
49110,Positive,Neutral
49220,Positive,Neutral
49260,Positive,Positive
49330,Positive,Neutral
49350,Positive,Neutral
49430,Positive,Neutral
49450,Positive,Neutral
49500,Positive,Neutral
49510,Positive,Neutral
49610,Positive,Neutral
49630,Positive,Neutral
49790,Positive,Neutral
49870,Positive,Positive
49890,Positive,Negative
49900,Positive,Neutral
49950,Positive,Neutral
50120,Positive,Negative
50140,Positive,Negative
50170,Positive,Neutral
50280,Positive,Neutral
50310,Positive,Neutral
50330,Positive,Neutral
50430,Positive,Negative
50450,Positive,Neutral
50470,Positive,Negative
50650,Positive,Neutral
50890,Positive,Negative
50900,Positive,Neutral
51010,Positive,Neutral
51050,Positive,Neutral
51110,Positive,Neutral
51130,Positive,Positive
51150,Positive,Negative
51180,Positive,Neutral
51210,Positive,Positive
51320,Positive,Positive
51380,Positive,Neutral
51390,Positive,Neutral
51420,Positive,Neutral
51470,Positive,Neutral
51500,Positive,Neutral
51520,Positive,Neutral
51530,Positive,Neutral
51540,Positive,Neutral
51660,Positive,Neutral
51680,Positive,Neutral
51690,Positive,Neutral
51700,Positive,Neutral
51870,Positive,Neutral
51950,Positive,Neutral
52080,Positive,Positive
52140,Positive,Neutral
52160,Positive,Neutral
52290,Positive,Neutral
52360,Positive,Neutral
52400,Positive,Positive
52430,Positive,Positive
52460,Positive,Positive
52520,Positive,Positive
52550,Positive,Positive
52600,Positive,Positive
52730,Positive,Positive
52830,Positive,Positive
52880,Positive,Positive
52950,Positive,Positive
53070,Positive,Positive
53220,Positive,Positive
53260,Positive,Positive
53290,Positive,Positive
53370,Positive,Positive
53450,Positive,Positive
53480,Positive,Positive
53610,Positive,Positive
53670,Positive,Positive
53820,Positive,Positive
54010,Positive,Positive
54050,Positive,Positive
54200,Positive,Positive
54230,Positive,Positive
54380,Positive,Positive
54440,Positive,Positive
54500,Positive,Positive
54760,Positive,Positive
54770,Positive,Positive
54790,Positive,Positive
54980,Positive,Positive
55010,Positive,Positive
55060,Positive,Positive
55130,Positive,Positive
55140,Positive,Positive
55180,Positive,Positive
55210,Positive,Positive
55270,Positive,Positive
55330,Positive,Positive
55340,Positive,Positive
55350,Positive,Positive
55360,Positive,Positive
55440,Positive,Positive
55460,Positive,Positive
55510,Positive,Positive
55670,Positive,Positive
55720,Positive,Positive
55860,Positive,Positive
56070,Positive,Positive
56090,Positive,Positive
56340,Positive,Positive
56430,Positive,Positive
56500,Positive,Positive
56630,Positive,Positive
56680,Positive,Positive
56770,Positive,Positive
56810,Positive,Positive
56820,Positive,Positive
56860,Positive,Positive
56950,Positive,Positive
57010,Positive,Positive
57020,Positive,Positive
57140,Positive,Positive
57170,Positive,Positive
57350,Positive,Positive
57380,Positive,Positive
57530,Positive,Positive
57560,Positive,Positive
57600,Positive,Positive
57730,Positive,Positive
57790,Positive,Positive
57800,Positive,Positive
57840,Positive,Positive
57910,Positive,Positive
57990,Positive,Positive
58000,Positive,Positive
58070,Positive,Positive
58190,Positive,Positive
58230,Positive,Positive
58280,Positive,Positive
58300,Positive,Positive
58340,Positive,Positive
58380,Positive,Positive
58510,Positive,Positive
58520,Positive,Positive
58540,Positive,Positive
58620,Positive,Positive
58630,Positive,Positive
58670,Positive,Positive
58730,Positive,Positive
58750,Positive,Positive
58910,Positive,Positive
58940,Positive,Positive
59000,Positive,Positive
59080,Positive,Positive
59120,Positive,Positive
59130,Positive,Positive
59180,Positive,Positive
59220,Positive,Positive
59270,Positive,Positive
59280,Positive,Positive
59380,Positive,Positive
59390,Positive,Positive
59560,Positive,Positive
59590,Positive,Positive
59670,Positive,Positive
59680,Positive,Positive
59790,Positive,Positive
59840,Positive,Positive
59850,Positive,Positive
59880,Positive,Positive
60000,Positive,Positive
60030,Positive,Positive
60070,Positive,Positive
60100,Positive,Positive
60160,Positive,Positive
60260,Positive,Positive
60290,Positive,Positive
60330,Positive,Positive
60360,Positive,Positive
60470,Positive,Positive
60570,Positive,Positive
60590,Positive,Positive
60620,Positive,Positive
60650,Positive,Positive
60680,Positive,Positive
60720,Positive,Positive
60740,Positive,Positive
60800,Positive,Positive
60820,Positive,Positive
60830,Positive,Positive
60910,Positive,Positive
60920,Positive,Positive
60950,Positive,Positive
61000,Positive,Positive
61110,Positive,Positive
61150,Positive,Positive
61180,Positive,Positive
61240,Positive,Positive
61250,Positive,Positive
61320,Positive,Positive
61400,Positive,Positive
61480,Positive,Positive
61520,Positive,Positive
61680,Positive,Positive
61750,Positive,Positive
61760,Positive,Positive
61850,Positive,Positive
61870,Positive,Positive
62110,Positive,Positive
62230,Positive,Positive
62340,Positive,Positive
62430,Positive,Positive
62490,Positive,Positive
62530,Positive,Positive
62570,Positive,Positive
62650,Positive,Positive
62720,Positive,Positive
62810,Positive,Positive
62850,Positive,Positive
62940,Positive,Positive
63030,Positive,Positive
63090,Positive,Positive
63100,Positive,Positive
63130,Positive,Positive
63150,Positive,Positive
63390,Positive,Positive
63690,Positive,Positive
63720,Positive,Positive
63790,Positive,Positive
63800,Positive,Positive
63870,Positive,Positive
63910,Positive,Positive
63930,Positive,Positive
63940,Positive,Positive
63950,Positive,Positive
63960,Positive,Positive
64000,Positive,Positive
64010,Positive,Positive
64170,Positive,Positive
64200,Positive,Positive
64360,Positive,Positive
64380,Positive,Positive
64400,Positive,Positive
64420,Positive,Positive
64570,Positive,Positive
64640,Positive,Positive
64760,Positive,Positive
64790,Positive,Positive
64820,Positive,Positive
64860,Positive,Positive
65010,Positive,Positive
65020,Positive,Positive
65060,Positive,Positive
65150,Positive,Positive
65170,Positive,Positive
65200,Positive,Positive
65250,Positive,Positive
65310,Positive,Positive
65400,Positive,Positive
65530,Positive,Positive
65800,Positive,Positive
65820,Positive,Positive
65910,Positive,Positive
65940,Positive,Positive
65970,Positive,Positive
65990,Positive,Positive
66040,Positive,Positive
66330,Positive,Positive
66420,Positive,Positive
66540,Positive,Positive
66610,Positive,Positive
66720,Positive,Positive
66730,Positive,Positive
66750,Positive,Positive
66770,Positive,Positive
66800,Positive,Positive
66810,Positive,Positive
66840,Positive,Positive
66870,Positive,Positive
66880,Positive,Positive
67000,Positive,Positive
67180,Positive,Positive
67200,Positive,Positive
67300,Positive,Positive
67370,Positive,Positive
67410,Positive,Positive
67640,Positive,Positive
67760,Positive,Positive
67780,Positive,Positive
67790,Positive,Positive
67810,Positive,Positive
67890,Positive,Positive
67980,Positive,Positive
68120,Positive,Positive
68150,Positive,Positive
68160,Positive,Positive
68340,Positive,Positive
68460,Positive,Positive
68610,Positive,Positive
68630,Positive,Positive
68640,Positive,Positive
68750,Positive,Positive
69000,Positive,Positive
69030,Positive,Positive
69060,Positive,Positive
69230,Positive,Positive
69250,Positive,Positive
69330,Positive,Positive
69430,Positive,Positive
69440,Positive,Positive
69470,Positive,Positive
69480,Positive,Positive
69700,Positive,Positive
69890,Positive,Positive
69930,Positive,Positive
70090,Positive,Positive
70140,Positive,Positive
70150,Positive,Positive
70170,Positive,Positive
70450,Positive,Positive
70460,Positive,Positive
70560,Positive,Positive
70600,Positive,Positive
70850,Positive,Positive
70880,Positive,Positive
70890,Positive,Positive
71000,Positive,Positive
71030,Positive,Positive
71100,Positive,Positive
71180,Positive,Positive
71440,Positive,Positive
71590,Positive,Positive
71720,Positive,Positive
71740,Positive,Positive
71820,Positive,Positive
71920,Positive,Positive
71980,Positive,Positive
72010,Positive,Positive
72070,Positive,Positive
72090,Positive,Positive
72220,Positive,Positive
72240,Positive,Positive
72360,Positive,Positive
72380,Positive,Positive
72410,Positive,Positive
72540,Positive,Positive
72580,Positive,Positive
73000,Positive,Positive
73110,Positive,Positive
73230,Positive,Positive
73260,Positive,Positive
73320,Positive,Positive
73380,Positive,Positive
73580,Positive,Positive
73910,Positive,Positive
73930,Positive,Positive
73950,Positive,Positive
73960,Positive,Positive
74010,Positive,Positive
74100,Positive,Positive
74190,Positive,Positive
74350,Positive,Positive
74430,Positive,Positive
74560,Positive,Positive
74570,Positive,Positive
74620,Positive,Positive
74690,Positive,Positive
74790,Positive,Positive
74880,Positive,Positive
74960,Positive,Positive
75180,Positive,Positive
75230,Positive,Positive
75270,Positive,Positive
75340,Positive,Positive
75400,Positive,Positive
75440,Positive,Positive
75500,Positive,Positive
75650,Positive,Positive
75700,Positive,Positive
75980,Positive,Positive
76080,Positive,Positive
76210,Positive,Positive
76300,Positive,Positive
76350,Positive,Positive
76440,Positive,Positive
76650,Positive,Positive
76680,Positive,Positive
76700,Positive,Positive
76760,Positive,Positive
76870,Positive,Positive
76930,Positive,Positive
77090,Positive,Positive
77280,Positive,Positive
77670,Positive,Positive
77890,Positive,Positive
77900,Positive,Positive
77960,Positive,Positive
77990,Positive,Positive
78230,Positive,Positive
78360,Positive,Positive
78380,Positive,Positive
78450,Positive,Positive
78560,Positive,Positive
78570,Positive,Positive
78590,Positive,Positive
78700,Positive,Positive
78850,Positive,Positive
78900,Positive,Positive
79210,Positive,Positive
79350,Positive,Positive
79360,Positive,Positive
79490,Positive,Positive
79780,Positive,Positive
79850,Positive,Positive
79880,Positive,Positive
79960,Positive,Positive
80120,Positive,Positive
80160,Positive,Positive
80320,Positive,Positive
80370,Positive,Positive
80470,Positive,Positive
80550,Positive,Positive
80650,Positive,Positive
80690,Positive,Positive
80770,Positive,Positive
80820,Positive,Positive
80940,Positive,Positive
80980,Positive,Positive
81150,Positive,Positive
81160,Positive,Positive
81180,Positive,Positive
81260,Positive,Positive
81280,Positive,Positive
81350,Positive,Positive
81360,Positive,Positive
81410,Positive,Positive
81520,Positive,Positive
81560,Positive,Positive
81730,Positive,Positive
81770,Positive,Positive
81830,Positive,Positive
81870,Positive,Positive
82180,Positive,Positive
82220,Positive,Positive
82340,Positive,Positive
82350,Positive,Positive
82380,Positive,Positive
82530,Positive,Positive
82550,Positive,Positive
82850,Positive,Positive
82950,Positive,Positive
83040,Positive,Positive
83050,Positive,Positive
83130,Positive,Positive
83190,Positive,Positive
83260,Positive,Positive
83320,Positive,Positive
83410,Positive,Positive
83640,Positive,Positive
83770,Positive,Positive
83840,Positive,Positive
83990,Positive,Positive
84180,Positive,Positive
84290,Positive,Positive
84310,Positive,Positive
84330,Positive,Positive
84340,Positive,Positive
84460,Positive,Positive
84680,Positive,Positive
84800,Positive,Positive
84820,Positive,Positive
84860,Positive,Positive
84880,Positive,Positive
84980,Positive,Positive
85010,Positive,Positive
85190,Positive,Positive
85230,Positive,Positive
85370,Positive,Positive
85450,Positive,Positive
85470,Positive,Positive
85500,Positive,Positive
85520,Positive,Positive
85770,Positive,Positive
85880,Positive,Positive
86030,Positive,Positive
86090,Positive,Positive
86220,Positive,Positive
86550,Positive,Positive
86570,Positive,Positive
86660,Positive,Positive
86710,Positive,Positive
86780,Positive,Positive
86790,Positive,Positive
86800,Positive,Positive
87010,Positive,Positive
87030,Positive,Positive
87090,Positive,Positive
87190,Positive,Positive
87200,Positive,Positive
87210,Positive,Positive
87220,Positive,Positive
87230,Positive,Positive
87290,Positive,Positive
87330,Positive,Positive
87350,Positive,Positive
87380,Positive,Positive
87590,Positive,Positive
87610,Positive,Positive
87760,Positive,Positive
87870,Positive,Positive
87950,Positive,Positive
87970,Positive,Positive
88030,Positive,Positive
88190,Positive,Positive
88460,Positive,Positive
88490,Positive,Positive
88570,Positive,Positive
88710,Positive,Positive
88800,Positive,Positive
88850,Positive,Positive
88950,Positive,Positive
89320,Positive,Positive
89350,Positive,Positive
89480,Positive,Positive
89490,Positive,Positive
89520,Positive,Positive
89570,Positive,Positive
89620,Positive,Positive
89650,Positive,Positive
89740,Positive,Positive
89820,Positive,Positive
89920,Positive,Positive
89950,Positive,Positive
90100,Positive,Positive
90160,Positive,Positive
90350,Positive,Positive
90360,Positive,Positive
90530,Positive,Positive
90560,Positive,Positive
90580,Positive,Positive
90920,Positive,Positive
90940,Positive,Positive
91110,Positive,Positive
91150,Positive,Positive
91160,Positive,Positive
91170,Positive,Positive
91270,Positive,Positive
91280,Positive,Positive
91350,Positive,Positive
91360,Positive,Positive
91420,Positive,Positive
91480,Positive,Positive
91710,Positive,Positive
91800,Positive,Positive
91810,Positive,Positive
91840,Positive,Positive
91890,Positive,Positive
92100,Positive,Positive
92230,Positive,Positive
92290,Positive,Positive
92490,Positive,Positive
92540,Positive,Positive
92620,Positive,Positive
92720,Positive,Positive
92820,Positive,Positive
92860,Positive,Positive
93060,Positive,Positive
93100,Positive,Positive
93150,Positive,Positive
93260,Positive,Positive
93290,Positive,Positive
93460,Positive,Positive
93570,Positive,Positive
93590,Positive,Positive
93650,Positive,Positive
93710,Positive,Positive
93720,Positive,Positive
93770,Positive,Positive
93790,Positive,Positive
93900,Positive,Positive
93930,Positive,Positive
94380,Positive,Positive
94410,Positive,Positive
94420,Positive,Positive
94490,Positive,Positive
94610,Positive,Positive
94660,Positive,Positive
94820,Positive,Positive
94860,Positive,Positive
94930,Positive,Positive
95120,Positive,Positive
95500,Positive,Positive
95510,Positive,Positive
95600,Positive,Positive
95700,Positive,Positive
95760,Positive,Positive
95800,Positive,Positive
95820,Positive,Positive
95850,Positive,Positive
95890,Positive,Positive
95910,Positive,Positive
95950,Positive,Positive
96040,Positive,Positive
96150,Positive,Positive
96160,Positive,Positive
96250,Positive,Positive
96340,Positive,Positive
96360,Positive,Positive
96390,Positive,Positive
96440,Positive,Positive
96460,Positive,Positive
96500,Positive,Positive
96700,Positive,Positive
96750,Positive,Positive
96780,Positive,Positive
96840,Positive,Positive
97050,Positive,Positive
97220,Positive,Positive
97270,Positive,Positive
97370,Positive,Positive
97480,Positive,Positive
97520,Positive,Positive
97590,Positive,Positive
97640,Positive,Positive
97800,Positive,Positive
97830,Positive,Positive
97840,Positive,Positive
97850,Positive,Positive
97920,Positive,Positive
98090,Positive,Positive
98220,Positive,Positive
98310,Positive,Positive
98320,Positive,Positive
98340,Positive,Positive
98400,Positive,Positive
98610,Positive,Positive
98650,Positive,Positive
98770,Positive,Positive
98830,Positive,Positive
98930,Positive,Positive
99020,Positive,Positive
99350,Positive,Positive
99460,Positive,Positive
99510,Positive,Positive
99520,Positive,Positive
99560,Positive,Positive
99640,Positive,Positive
99790,Positive,Positive
99830,Positive,Positive
99880,Positive,Positive
99980,Positive,Positive
100070,Positive,Positive
100170,Positive,Positive
100210,Positive,Positive
100280,Positive,Positive
100290,Positive,Positive
100420,Positive,Positive
100460,Positive,Positive
100480,Positive,Positive
100500,Positive,Positive
100620,Positive,Positive
100780,Positive,Positive
100820,Positive,Positive
100860,Positive,Positive
100960,Positive,Positive
100990,Positive,Positive
101070,Positive,Positive
101100,Positive,Positive
101150,Positive,Positive
101180,Positive,Positive
101270,Positive,Positive
101290,Positive,Positive
101460,Positive,Positive
101470,Positive,Positive
101540,Positive,Positive
101850,Positive,Positive
101880,Positive,Positive
102040,Positive,Positive
102070,Positive,Positive
102230,Positive,Positive
102240,Positive,Positive
102320,Positive,Positive
102470,Positive,Positive
102600,Positive,Positive
102640,Positive,Positive
102690,Positive,Positive
102720,Positive,Positive
102850,Positive,Positive
102900,Positive,Positive
102940,Positive,Positive
102980,Positive,Positive
103000,Positive,Positive
103170,Positive,Positive
103240,Positive,Positive
103280,Positive,Positive
103460,Positive,Positive
103480,Positive,Positive
103560,Positive,Positive
103630,Positive,Positive
103980,Positive,Positive
104230,Positive,Positive
104270,Positive,Positive
104330,Positive,Positive
104380,Positive,Positive
104420,Positive,Positive
104500,Positive,Positive
104520,Positive,Positive
104550,Positive,Positive
104620,Positive,Positive
104640,Positive,Positive
104850,Positive,Positive
104890,Positive,Positive
104920,Positive,Positive
104960,Positive,Positive
105000,Positive,Positive
105100,Positive,Positive
105130,Positive,Positive
105310,Positive,Positive
105330,Positive,Positive
105340,Positive,Positive
105400,Positive,Positive
105480,Positive,Positive
105610,Positive,Positive
105710,Positive,Positive
105720,Positive,Positive
105770,Positive,Positive
105810,Positive,Positive
105830,Positive,Positive
105950,Positive,Positive
106000,Positive,Positive
106310,Positive,Positive
106340,Positive,Positive
106400,Positive,Positive
106470,Positive,Positive
106540,Positive,Positive
106630,Positive,Positive
106770,Positive,Positive
106800,Positive,Positive
106820,Positive,Positive
106850,Positive,Positive
106880,Positive,Positive
106920,Positive,Positive
107150,Positive,Positive
107160,Positive,Positive
107390,Positive,Positive
107600,Positive,Positive
107660,Positive,Positive
107800,Positive,Positive
107840,Positive,Positive
108000,Positive,Positive
108010,Positive,Positive
108200,Positive,Positive
108270,Positive,Positive
108320,Positive,Positive
108380,Positive,Positive
108440,Positive,Positive
108650,Positive,Positive
108690,Positive,Positive
108900,Positive,Positive
108940,Positive,Positive
109000,Positive,Positive
109070,Positive,Positive
109210,Positive,Positive
109230,Positive,Positive
109280,Positive,Positive
109480,Positive,Positive
109520,Positive,Positive
109580,Positive,Positive
109620,Positive,Positive
109710,Positive,Positive
109790,Positive,Positive
109810,Positive,Positive
109830,Positive,Positive
109880,Positive,Positive
109930,Positive,Positive
109970,Positive,Positive
110030,Positive,Positive
110430,Positive,Positive
110680,Positive,Positive
110760,Positive,Positive
110920,Positive,Positive
110930,Positive,Positive
111050,Positive,Positive
111140,Positive,Positive
111330,Positive,Positive
111390,Positive,Positive
111410,Positive,Positive
111440,Positive,Positive
111460,Positive,Positive
111630,Positive,Positive
111700,Positive,Positive
111910,Positive,Positive
112010,Positive,Positive
112190,Positive,Positive
112320,Positive,Positive
112440,Positive,Positive
112480,Positive,Positive
112730,Positive,Positive
112770,Positive,Positive
112780,Positive,Positive
112870,Positive,Positive
112940,Positive,Positive
112970,Positive,Positive
113090,Positive,Positive
113150,Positive,Positive
113170,Positive,Positive
113440,Positive,Positive
113640,Positive,Positive
113730,Positive,Positive
113750,Positive,Positive
113780,Positive,Positive
113830,Positive,Positive
113860,Positive,Positive
113930,Positive,Positive
114010,Positive,Positive
114180,Positive,Positive
114260,Positive,Positive
114320,Positive,Positive
114590,Positive,Positive
114830,Positive,Positive
114860,Positive,Positive
114910,Positive,Positive
114950,Positive,Positive
114970,Positive,Positive
115060,Positive,Positive
115210,Positive,Positive
115420,Positive,Positive
115500,Positive,Positive
115530,Positive,Positive
115720,Positive,Positive
115770,Positive,Positive
115850,Positive,Positive
115930,Positive,Positive
116050,Positive,Positive
116090,Positive,Positive
116140,Positive,Positive
116560,Positive,Positive
116610,Positive,Positive
116630,Positive,Positive
116640,Positive,Positive
116650,Positive,Positive
116690,Positive,Positive
116760,Positive,Positive
116810,Positive,Positive
116830,Positive,Positive
117110,Positive,Positive
117150,Positive,Positive
117240,Positive,Positive
117250,Positive,Positive
117570,Positive,Positive
117590,Positive,Positive
117620,Positive,Positive
117690,Positive,Positive
117800,Positive,Positive
117810,Positive,Positive
117900,Positive,Positive
117920,Positive,Positive
117930,Positive,Positive
117940,Positive,Positive
117960,Positive,Positive
118040,Positive,Positive
118070,Positive,Positive
118100,Positive,Positive
118130,Positive,Positive
118190,Positive,Positive
118260,Positive,Positive
118270,Positive,Positive
118280,Positive,Positive
118320,Positive,Positive
118370,Positive,Positive
118490,Positive,Positive
118500,Positive,Positive
118540,Positive,Positive
118590,Positive,Positive
118630,Positive,Positive
118730,Positive,Positive
118750,Positive,Positive
118910,Positive,Positive
118990,Positive,Positive
119000,Positive,Positive
119060,Positive,Positive
119160,Positive,Positive
119180,Positive,Positive
119390,Positive,Positive
119540,Positive,Positive
119550,Positive,Positive
119730,Positive,Positive
119860,Positive,Positive
119960,Positive,Positive
119980,Positive,Positive
120000,Positive,Positive
120170,Positive,Positive
120180,Positive,Positive
120240,Positive,Positive
120250,Positive,Positive
120380,Positive,Positive
120420,Positive,Positive
120460,Positive,Positive
120470,Positive,Positive
120540,Positive,Positive
120900,Positive,Positive
121000,Positive,Positive
121110,Positive,Positive
121240,Positive,Positive
121280,Positive,Positive
121350,Positive,Positive
121490,Positive,Positive
121680,Positive,Positive
121700,Positive,Positive
121810,Positive,Positive
122110,Positive,Positive
122160,Positive,Positive
122400,Positive,Positive
122690,Positive,Positive
122920,Positive,Positive
122990,Positive,Positive
123000,Positive,Positive
123080,Positive,Positive
123290,Positive,Positive
123430,Positive,Positive
123480,Positive,Positive
123540,Positive,Positive
123690,Positive,Positive
123900,Positive,Positive
123920,Positive,Positive
124040,Positive,Positive
124170,Positive,Positive
124210,Positive,Positive
124240,Positive,Positive
124250,Positive,Positive
124280,Positive,Positive
124360,Positive,Positive
124540,Positive,Positive
124630,Positive,Positive
124650,Positive,Positive
124780,Positive,Positive
124880,Positive,Positive
125050,Positive,Positive
125100,Positive,Positive
125190,Positive,Positive
125230,Positive,Positive
125400,Positive,Positive
125470,Positive,Positive
125540,Positive,Positive
125570,Positive,Positive
125580,Positive,Positive
125610,Positive,Positive
125620,Positive,Positive
125710,Positive,Positive
125730,Positive,Positive
125850,Positive,Positive
125880,Positive,Positive
125930,Positive,Positive
126070,Positive,Positive
126100,Positive,Positive
126210,Positive,Positive
126230,Positive,Positive
126260,Positive,Positive
126320,Positive,Positive
126350,Positive,Positive
126430,Positive,Positive
126450,Positive,Positive
126510,Positive,Positive
126520,Positive,Positive
126680,Positive,Positive
126700,Positive,Positive
126710,Positive,Positive
126720,Positive,Positive
126790,Positive,Positive
126800,Positive,Positive
126870,Positive,Positive
126980,Positive,Positive
127040,Positive,Positive
127150,Positive,Positive
127190,Positive,Positive
127290,Positive,Positive
127360,Positive,Positive
127440,Positive,Positive
127530,Positive,Positive
127610,Positive,Positive
127630,Positive,Positive
127780,Positive,Positive
127890,Positive,Positive
128120,Positive,Positive
128190,Positive,Positive
128350,Positive,Positive
128430,Positive,Positive
128450,Positive,Positive
128470,Positive,Positive
128480,Positive,Positive
128560,Positive,Positive
128570,Positive,Positive
128580,Positive,Positive
128660,Positive,Positive
128710,Positive,Positive
128830,Positive,Positive
128870,Positive,Positive
128990,Positive,Positive
129120,Positive,Positive
129160,Positive,Positive
129310,Positive,Positive
129330,Positive,Positive
129360,Positive,Positive
129510,Positive,Positive
129560,Positive,Positive
129650,Positive,Positive
129740,Positive,Positive
129800,Positive,Positive
129890,Positive,Positive
129920,Positive,Positive
130020,Positive,Positive
130120,Positive,Positive
130170,Positive,Positive
130240,Positive,Positive
130500,Positive,Positive
130570,Positive,Positive
130640,Positive,Positive
130720,Positive,Positive
130730,Positive,Positive
130740,Positive,Positive
130790,Positive,Positive
130800,Positive,Positive
130960,Positive,Positive
131020,Positive,Positive
131040,Positive,Positive
131050,Positive,Positive
131110,Positive,Positive
131540,Positive,Positive
131600,Positive,Positive
131690,Positive,Positive
131840,Positive,Positive
131920,Positive,Positive
132030,Positive,Positive
132040,Positive,Positive
132070,Positive,Positive
132210,Positive,Positive
132270,Positive,Positive
132280,Positive,Positive
132330,Positive,Positive
132390,Positive,Positive
132440,Positive,Positive
132590,Positive,Positive
132620,Positive,Positive
132720,Positive,Positive
132750,Positive,Positive
132830,Positive,Positive
132860,Positive,Positive
132940,Positive,Positive
133270,Positive,Positive
133310,Positive,Positive
133320,Positive,Positive
133330,Positive,Positive
133350,Positive,Positive
133390,Positive,Positive
133420,Positive,Positive
133430,Positive,Positive
133610,Positive,Positive
133660,Positive,Positive
133680,Positive,Positive
133690,Positive,Positive
133710,Positive,Positive
133840,Positive,Positive
133860,Positive,Positive
133880,Positive,Positive
133950,Positive,Positive
134090,Positive,Positive
134110,Positive,Positive
134470,Positive,Positive
134490,Positive,Positive
134510,Positive,Positive
134520,Positive,Positive
134580,Positive,Positive
134650,Positive,Positive
134680,Positive,Positive
134950,Positive,Positive
135000,Positive,Positive
135010,Positive,Positive
135020,Positive,Positive
135130,Positive,Positive
135330,Positive,Positive
135530,Positive,Positive
135580,Positive,Positive
135600,Positive,Positive
135670,Positive,Positive
135730,Positive,Positive
136050,Positive,Positive
136190,Positive,Positive
136300,Positive,Positive
136500,Positive,Positive
136580,Positive,Positive
136650,Positive,Positive
136770,Positive,Positive
136880,Positive,Positive
136910,Positive,Positive
137040,Positive,Positive
137060,Positive,Positive
137100,Positive,Positive
137150,Positive,Positive
137260,Positive,Positive
137340,Positive,Positive
137360,Positive,Positive
137380,Positive,Positive
137400,Positive,Positive
137530,Positive,Positive
137540,Positive,Positive
137550,Positive,Positive
137580,Positive,Positive
137630,Positive,Positive
137660,Positive,Positive
137720,Positive,Positive
137730,Positive,Positive
137840,Positive,Positive
137870,Positive,Positive
137880,Positive,Positive
137950,Positive,Positive
138000,Positive,Positive
138040,Positive,Positive
138060,Positive,Positive
138080,Positive,Positive
138250,Positive,Positive
138280,Positive,Positive
138550,Positive,Positive
138570,Positive,Positive
138600,Positive,Positive
138670,Positive,Positive
138680,Positive,Positive
138880,Positive,Positive
139000,Positive,Positive
139010,Positive,Positive
139090,Positive,Positive
139150,Positive,Positive
139180,Positive,Positive
139260,Positive,Positive
139580,Positive,Positive
139630,Positive,Positive
139650,Positive,Positive
139670,Positive,Positive
139700,Positive,Positive
139760,Positive,Positive
140000,Positive,Positive
140030,Positive,Positive
140090,Positive,Positive
140460,Positive,Positive
140490,Positive,Positive
140510,Positive,Positive
140550,Positive,Positive
140640,Positive,Positive
140680,Positive,Positive
140750,Positive,Positive
140820,Positive,Positive
140850,Positive,Positive
141090,Positive,Positive
141140,Positive,Positive
141280,Positive,Positive
141360,Positive,Positive
141370,Positive,Positive
141450,Positive,Positive
141500,Positive,Positive
141560,Positive,Positive
141620,Positive,Positive
141630,Positive,Positive
141650,Positive,Positive
141720,Positive,Positive
141780,Positive,Positive
141810,Positive,Positive
141820,Positive,Positive
141970,Positive,Positive
142000,Positive,Positive
142010,Positive,Positive
142090,Positive,Positive
142110,Positive,Positive
142240,Positive,Positive
142320,Positive,Positive
142340,Positive,Positive
142400,Positive,Positive
142420,Positive,Positive
142470,Positive,Positive
142690,Positive,Positive
142710,Positive,Positive
142740,Positive,Positive
142750,Positive,Positive
142820,Positive,Positive
142830,Positive,Positive
142890,Positive,Positive
143020,Positive,Positive
143130,Positive,Positive
143140,Positive,Positive
143320,Positive,Positive
143390,Positive,Positive
143420,Positive,Positive
143530,Positive,Positive
143580,Positive,Positive
143680,Positive,Positive
143750,Positive,Positive
143760,Positive,Positive
143850,Positive,Positive
144090,Positive,Positive
144200,Positive,Positive
144210,Positive,Positive
144250,Positive,Positive
144360,Positive,Positive
144380,Positive,Positive
144530,Positive,Positive
144550,Positive,Positive
144570,Positive,Positive
144600,Positive,Positive
144630,Positive,Positive
144700,Positive,Positive
144730,Positive,Positive
144810,Positive,Positive
144880,Positive,Positive
144960,Positive,Positive
144980,Positive,Positive
145000,Positive,Positive
145080,Positive,Positive
145110,Positive,Positive
145190,Positive,Positive
145270,Positive,Positive
145350,Positive,Positive
145400,Positive,Positive
145430,Positive,Positive
145440,Positive,Positive
145480,Positive,Positive
145540,Positive,Positive
145570,Positive,Positive
145720,Positive,Positive
145770,Positive,Positive
145800,Positive,Positive
145880,Positive,Positive
145900,Positive,Positive
146020,Positive,Positive
146100,Positive,Positive
146140,Positive,Positive
146230,Positive,Positive
146250,Positive,Positive
146320,Positive,Positive
146390,Positive,Positive
146480,Positive,Positive
146520,Positive,Positive
146700,Positive,Positive
146730,Positive,Positive
146750,Positive,Positive
146850,Positive,Positive
146890,Positive,Positive
146970,Positive,Positive
146980,Positive,Positive
147040,Positive,Positive
147100,Positive,Positive
147130,Positive,Positive
147210,Positive,Positive
147240,Positive,Positive
147260,Positive,Positive
147420,Positive,Positive
147460,Positive,Positive
147500,Positive,Positive
147530,Positive,Positive
147650,Positive,Positive
147670,Positive,Positive
147850,Positive,Positive
147910,Positive,Positive
147920,Positive,Positive
147990,Positive,Positive
148020,Positive,Positive
148130,Positive,Positive
148190,Positive,Positive
148350,Positive,Positive
148520,Positive,Positive
148530,Positive,Positive
148540,Positive,Positive
148570,Positive,Positive
148670,Positive,Positive
148790,Positive,Positive
149040,Positive,Positive
149060,Positive,Positive
149130,Positive,Positive
149200,Positive,Positive
149210,Positive,Positive
149300,Positive,Positive
149380,Positive,Positive
149400,Positive,Positive
149500,Positive,Positive
149530,Positive,Positive
149570,Positive,Positive
149600,Positive,Positive
149690,Positive,Positive
149710,Positive,Positive
149800,Positive,Positive
149860,Positive,Positive
150010,Positive,Positive
150020,Positive,Positive
150150,Positive,Positive
150250,Positive,Positive
150410,Positive,Positive
150600,Positive,Positive
150610,Positive,Positive
150690,Positive,Positive
150750,Positive,Positive
150760,Positive,Positive
150820,Positive,Positive
150900,Positive,Positive
151000,Positive,Positive
151030,Positive,Positive
151100,Positive,Positive
151190,Positive,Positive
151210,Positive,Positive
151250,Positive,Positive
151290,Positive,Positive
151350,Positive,Positive
151520,Positive,Positive
151590,Positive,Positive
151660,Positive,Positive
151700,Positive,Positive
151730,Positive,Positive
151800,Positive,Positive
151850,Positive,Positive
151860,Positive,Positive
151900,Positive,Positive
152120,Positive,Positive
152140,Positive,Positive
152160,Positive,Positive
152190,Positive,Positive
152240,Positive,Positive
152250,Positive,Positive
152580,Positive,Positive
152670,Positive,Positive
152770,Positive,Positive
152900,Positive,Positive
153220,Positive,Positive
153260,Positive,Positive
153290,Positive,Positive
153330,Positive,Positive
153420,Positive,Positive
153460,Positive,Positive
153550,Positive,Positive
153630,Positive,Positive
153890,Positive,Positive
153920,Positive,Positive
154060,Positive,Positive
154180,Positive,Positive
154250,Positive,Positive
154270,Positive,Positive
154290,Positive,Positive
154310,Positive,Positive
154430,Positive,Positive
154630,Positive,Positive
154680,Positive,Positive
154730,Positive,Positive
154780,Positive,Positive
154800,Positive,Positive
154900,Positive,Positive
154920,Positive,Positive
155050,Positive,Positive
155080,Positive,Positive
155220,Positive,Positive
155250,Positive,Positive
155260,Positive,Positive
155400,Positive,Positive
155460,Positive,Positive
155490,Positive,Positive
155540,Positive,Positive
155560,Positive,Positive
155610,Positive,Positive
155670,Positive,Positive
155740,Positive,Positive
155780,Positive,Positive
155810,Positive,Positive
155870,Positive,Positive
155920,Positive,Positive
155930,Positive,Positive
156120,Positive,Positive
156230,Positive,Positive
156280,Positive,Positive
156330,Positive,Positive
156360,Positive,Positive
156430,Positive,Positive
156500,Positive,Positive
156510,Positive,Positive
156610,Positive,Positive
156650,Positive,Positive
156680,Positive,Positive
156740,Positive,Positive
156770,Positive,Positive
156800,Positive,Positive
156810,Positive,Positive
156830,Positive,Positive
156860,Positive,Positive
156880,Positive,Positive
156930,Positive,Positive
156940,Positive,Positive
157020,Positive,Positive
157070,Positive,Positive
157260,Positive,Positive
157480,Positive,Positive
157530,Positive,Positive
157600,Positive,Positive
157770,Positive,Positive
157850,Positive,Positive
158070,Positive,Positive
158120,Positive,Positive
158150,Positive,Positive
158200,Positive,Positive
158310,Positive,Positive
158330,Positive,Positive
158380,Positive,Positive
158420,Positive,Positive
158460,Positive,Positive
158520,Positive,Positive
158710,Positive,Positive
158750,Positive,Positive
158760,Positive,Positive
158780,Positive,Positive
158800,Positive,Positive
158930,Positive,Positive
158940,Positive,Positive
159190,Positive,Positive
159240,Positive,Positive
159280,Positive,Positive
159340,Positive,Positive
159470,Positive,Positive
159590,Positive,Positive
159600,Positive,Positive
159720,Positive,Positive
159910,Positive,Positive
159950,Positive,Positive
159990,Positive,Positive
160030,Positive,Positive
160040,Positive,Positive
160250,Positive,Positive
160290,Positive,Positive
160370,Positive,Positive
160550,Positive,Positive
160650,Positive,Positive
160800,Positive,Positive
160890,Positive,Positive
160930,Positive,Positive
160960,Positive,Positive
160970,Positive,Positive
161030,Positive,Positive
161160,Positive,Positive
161170,Positive,Positive
161200,Positive,Positive
161230,Positive,Positive
161430,Positive,Positive
161490,Positive,Positive
161510,Positive,Positive
161540,Positive,Positive
161570,Positive,Positive
161790,Positive,Positive
161890,Positive,Positive
161960,Positive,Positive
162020,Positive,Positive
162310,Positive,Positive
162480,Positive,Positive
162520,Positive,Positive
162650,Positive,Positive
162680,Positive,Positive
162730,Positive,Positive
162810,Positive,Positive
162940,Positive,Positive
162960,Positive,Positive